District,District ID,نوع ملک,پارکینگ,آسانسور,metrazh,room,house_age,price2
آپادانا - خرمشهر,928,آپارتمان,دارد,دارد,120,2,0,12000000000.0
آپادانا - خرمشهر,928,آپارتمان,ندارد,ندارد,35,0,21,1300000000.0
آپادانا - خرمشهر,928,آپارتمان,دارد,دارد,175,3,0,21500000000.0
آپادانا - خرمشهر,928,آپارتمان,دارد,دارد,117,2,1,10881000000.0
آپادانا - خرمشهر,928,آپارتمان,دارد,دارد,87,2,10,7000000000.0
آپادانا - خرمشهر,928,آپارتمان,دارد,دارد,130,3,0,15000000000.0
آپادانا - خرمشهر,928,آپارتمان,دارد,دارد,135,3,19,7290000000.0
آپادانا - خرمشهر,928,آپارتمان,دارد,دارد,185,3,0,13900000000.0
آپادانا - خرمشهر,928,آپارتمان,دارد,دارد,101,2,7,9590000000.0
آپادانا - خرمشهر,928,آپارتمان,دارد,دارد,60,1,7,6600000000.0
آپادانا - خرمشهر,928,آپارتمان,دارد,ندارد,110,2,26,8700000000.0
آپادانا - خرمشهر,928,آپارتمان,دارد,ندارد,115,2,29,9000000000.0
آپادانا - خرمشهر,928,آپارتمان,دارد,دارد,130,3,0,15000000000.0
آپادانا - خرمشهر,928,آپارتمان,دارد,ندارد,115,2,28,9000000000.0
آپادانا - خرمشهر,928,آپارتمان,دارد,دارد,117,3,0,11700000000.0
آپادانا - خرمشهر,928,آپارتمان,دارد,دارد,106,2,20,9200000000.0
آپادانا - خرمشهر,928,آپارتمان,دارد,دارد,193,3,1,15440000000.0
آپادانا - خرمشهر,928,آپارتمان,دارد,دارد,115,2,17,9200000000.0
آپادانا - خرمشهر,928,آپارتمان,دارد,دارد,123,3,4,12054000000.0
آپادانا - خرمشهر,928,آپارتمان,دارد,دارد,135,3,16,10800000000.0
آپادانا - خرمشهر,928,آپارتمان,دارد,ندارد,145,3,1,7900000000.0
آپادانا - خرمشهر,928,آپارتمان,دارد,دارد,127,2,0,12700000000.0
آپادانا - خرمشهر,928,آپارتمان,دارد,دارد,96,2,10,10500000000.0
آپادانا - خرمشهر,928,آپارتمان,دارد,دارد,465,6,0,38000000000.0
آپادانا - خرمشهر,928,آپارتمان,دارد,دارد,175,3,1,17150000000.0
آپادانا - خرمشهر,928,آپارتمان,دارد,دارد,90,2,7,8000000000.0
آجودانیه,930,آپارتمان,دارد,دارد,230,4,9,23750000000.0
آجودانیه,930,آپارتمان,دارد,دارد,100,2,5,11800000000.0
آجودانیه,930,آپارتمان,دارد,دارد,180,3,1,24800000000.0
آجودانیه,930,آپارتمان,دارد,دارد,290,4,18,32000000000.0
آجودانیه,930,آپارتمان,دارد,دارد,220,3,1,35000000000.0
آجودانیه,930,آپارتمان,دارد,دارد,80,2,7,13500000000.0
آجودانیه,930,آپارتمان,دارد,دارد,140,3,2,21000000000.0
آجودانیه,930,آپارتمان,دارد,دارد,116,2,12,12600000000.0
آجودانیه,930,آپارتمان,دارد,دارد,100,2,2,12399000000.0
آجودانیه,930,آپارتمان,دارد,دارد,190,4,18,21000000000.0
آجودانیه,930,آپارتمان,دارد,دارد,100,2,2,12200000000.0
آجودانیه,930,آپارتمان,دارد,دارد,140,3,10,12500000000.0
آجودانیه,930,آپارتمان,دارد,دارد,118,2,1,23000000000.0
آجودانیه,930,آپارتمان,دارد,دارد,100,2,3,12400000000.0
آجودانیه,930,آپارتمان,دارد,دارد,118,2,5,14160000000.0
آجودانیه,930,آپارتمان,دارد,دارد,115,2,18,11000000000.0
آجودانیه,930,آپارتمان,دارد,دارد,154,3,0,24640000000.0
آجودانیه,930,آپارتمان,دارد,دارد,210,3,0,30000000000.0
آجودانیه,930,آپارتمان,دارد,دارد,125,2,4,12000000000.0
آجودانیه,930,آپارتمان,دارد,دارد,135,3,11,12500000000.0
آجودانیه,930,آپارتمان,دارد,دارد,110,2,17,10700000000.0
آجودانیه,930,آپارتمان,دارد,دارد,310,3,12,30000000000.0
آجودانیه,930,آپارتمان,دارد,دارد,120,2,5,14000000000.0
آجودانیه,930,آپارتمان,دارد,دارد,216,3,0,31000000000.0
آجودانیه,930,آپارتمان,دارد,دارد,100,2,4,12500000000.0
آجودانیه,930,آپارتمان,دارد,دارد,240,3,5,36000000000.0
آجودانیه,930,آپارتمان,دارد,دارد,106,2,17,11000000000.0
آجودانیه,930,آپارتمان,دارد,دارد,120,2,5,14000000000.0
آجودانیه,930,آپارتمان,دارد,دارد,180,2,1,21600000000.0
آجودانیه,930,آپارتمان,دارد,دارد,136,2,11,15900000000.0
آجودانیه,930,ویلا,ندارد,ندارد,163,1,2,8900000000.0
آجودانیه,930,آپارتمان,دارد,دارد,100,2,2,11800000000.0
آجودانیه,930,آپارتمان,دارد,دارد,230,4,15,25000000000.0
آجودانیه,930,آپارتمان,دارد,دارد,330,4,15,30000000000.0
آجودانیه,930,آپارتمان,دارد,دارد,176,3,12,16800000000.0
آجودانیه,930,آپارتمان,دارد,دارد,150,3,12,19500000000.0
آجودانیه,930,آپارتمان,دارد,دارد,200,3,0,44000000000.0
آجودانیه,930,آپارتمان,دارد,ندارد,176,3,17,38500000000.0
آجودانیه,930,آپارتمان,دارد,دارد,160,3,7,26000000000.0
آجودانیه,930,آپارتمان,دارد,دارد,100,2,3,12000000000.0
آجودانیه,930,آپارتمان,دارد,دارد,120,2,0,26400000000.0
آجودانیه,930,آپارتمان,دارد,دارد,240,3,9,26400000000.0
آجودانیه,930,آپارتمان,دارد,دارد,135,3,10,12500000000.0
آجودانیه,930,آپارتمان,دارد,دارد,135,3,10,11500000000.0
آجودانیه,930,آپارتمان,دارد,دارد,149,3,0,23840000000.0
آجودانیه,930,آپارتمان,دارد,ندارد,126,3,16,41164000000.0
آجودانیه,930,آپارتمان,دارد,دارد,100,2,6,11800000000.0
آجودانیه,930,آپارتمان,دارد,دارد,230,3,12,24000000000.0
آجودانیه,930,آپارتمان,دارد,ندارد,147,3,0,23500000000.0
آجودانیه,930,آپارتمان,دارد,دارد,155,3,17,15000000000.0
آجودانیه,930,آپارتمان,دارد,دارد,140,3,1,21500000000.0
آجودانیه,930,آپارتمان,دارد,دارد,145,2,1,36000000000.0
آذربایجان,931,آپارتمان,دارد,ندارد,65,2,20,2400000000.0
آذربایجان,931,آپارتمان,ندارد,ندارد,44,1,25,2400000000.0
آذربایجان,931,آپارتمان,دارد,دارد,64,2,0,3700000000.0
آذربایجان,931,آپارتمان,ندارد,ندارد,62,2,19,2950000000.0
آذربایجان,931,آپارتمان,ندارد,ندارد,50,1,23,1500000000.0
آذربایجان,931,آپارتمان,دارد,دارد,131,3,0,9500000000.0
آذربایجان,931,آپارتمان,ندارد,ندارد,61,2,18,2600000000.0
آذربایجان,931,آپارتمان,دارد,دارد,50,1,11,1800000000.0
آذربایجان,931,آپارتمان,دارد,ندارد,41,1,21,1650000000.0
آذربایجان,931,آپارتمان,ندارد,ندارد,75,2,31,3300000000.0
آذربایجان,931,آپارتمان,ندارد,ندارد,61,2,19,2450000000.0
آذربایجان,931,آپارتمان,دارد,دارد,80,2,2,5000000000.0
آذربایجان,931,آپارتمان,دارد,دارد,55,1,14,2300000000.0
آذربایجان,931,آپارتمان,دارد,ندارد,43,1,16,2680000000.0
آذربایجان,931,آپارتمان,ندارد,ندارد,59,1,16,2750000000.0
آذربایجان,931,آپارتمان,دارد,دارد,64,2,0,3600000000.0
آذربایجان,931,آپارتمان,ندارد,ندارد,67,1,18,2690000000.0
آذربایجان,931,آپارتمان,دارد,دارد,146,3,1,8300000000.0
آذربایجان,931,آپارتمان,ندارد,دارد,60,1,9,3100000000.0
آذربایجان,931,آپارتمان,دارد,ندارد,54,1,17,2700000000.0
آذربایجان,931,آپارتمان,دارد,ندارد,42,1,11,2600000000.0
آذربایجان,931,آپارتمان,ندارد,ندارد,73,2,23,3000000000.0
آذربایجان,931,آپارتمان,ندارد,دارد,40,1,8,1420000000.0
آذربایجان,931,آپارتمان,دارد,ندارد,43,1,16,2680000000.0
آذربایجان,931,آپارتمان,ندارد,ندارد,29,1,18,1380000000.0
آذربایجان,931,آپارتمان,دارد,ندارد,62,2,14,2950000000.0
آذربایجان,931,آپارتمان,دارد,دارد,86,2,0,4700000000.0
آذربایجان,931,آپارتمان,دارد,دارد,122,3,5,7220000000.0
آذربایجان,931,آپارتمان,ندارد,ندارد,68,1,30,2450000000.0
آذربایجان,931,آپارتمان,دارد,دارد,47,1,1,2270000000.0
آذربایجان,931,آپارتمان,دارد,دارد,122,3,5,7080000000.0
آذربایجان,931,آپارتمان,دارد,ندارد,42,1,10,2380000000.0
آذربایجان,931,آپارتمان,ندارد,ندارد,62,2,17,2950000000.0
آذربایجان,931,آپارتمان,ندارد,ندارد,48,1,20,1750000000.0
آذربایجان,931,آپارتمان,ندارد,ندارد,39,1,20,1330000000.0
آذربایجان,931,آپارتمان,دارد,دارد,40,1,5,2250000000.0
آذربایجان,931,آپارتمان,دارد,ندارد,43,1,16,2680000000.0
آذربایجان,931,آپارتمان,ندارد,ندارد,45,1,21,1750000000.0
آذربایجان,931,آپارتمان,ندارد,ندارد,45,1,20,2000000000.0
آذربایجان,931,آپارتمان,دارد,ندارد,44,1,16,2400000000.0
آذربایجان,931,آپارتمان,ندارد,ندارد,80,2,31,2720000000.0
آذربایجان,931,آپارتمان,ندارد,ندارد,48,1,18,1750000000.0
آذربایجان,931,آپارتمان,ندارد,دارد,64,2,7,2495000000.0
آذربایجان,931,آپارتمان,دارد,ندارد,57,1,10,3100000000.0
آذربایجان,931,آپارتمان,دارد,ندارد,75,2,11,4550000000.0
آذربایجان,931,آپارتمان,دارد,ندارد,47,1,16,1750000000.0
آذربایجان,931,آپارتمان,دارد,ندارد,57,1,13,2750000000.0
آذربایجان,931,خانه و کلنگی,دارد,ندارد,60,1,16,3000000000.0
آذربایجان,931,آپارتمان,ندارد,ندارد,45,1,21,1750000000.0
آذربایجان,931,آپارتمان,ندارد,ندارد,70,2,28,2000000000.0
آذربایجان,931,آپارتمان,ندارد,دارد,57,1,0,3100000000.0
آذربایجان,931,آپارتمان,ندارد,ندارد,60,1,16,2750000000.0
آذربایجان,931,آپارتمان,ندارد,ندارد,70,2,31,2250000000.0
آذربایجان,931,آپارتمان,دارد,ندارد,68,2,16,1970000000.0
آذربایجان,931,آپارتمان,دارد,ندارد,48,1,19,1770000000.0
آذربایجان,931,آپارتمان,ندارد,ندارد,57,2,21,2200000000.0
آذربایجان,931,خانه و کلنگی,ندارد,ندارد,320,3,31,15000000000.0
آذربایجان,931,آپارتمان,دارد,ندارد,57,1,11,3100000000.0
آذربایجان,931,آپارتمان,دارد,ندارد,57,2,10,2750000000.0
آذربایجان,931,آپارتمان,ندارد,دارد,55,1,13,2750000000.0
آذربایجان,931,آپارتمان,ندارد,ندارد,61,2,16,2550000000.0
آذربایجان,931,آپارتمان,ندارد,ندارد,47,1,24,2050000000.0
آذربایجان,931,آپارتمان,ندارد,ندارد,38,1,22,1890000000.0
آذربایجان,931,آپارتمان,ندارد,ندارد,80,2,30,2720000000.0
آذربایجان,931,آپارتمان,دارد,ندارد,65,2,13,2700000000.0
آذربایجان,931,آپارتمان,ندارد,ندارد,57,1,13,2250000000.0
آذربایجان,931,آپارتمان,ندارد,ندارد,38,1,21,1850000000.0
آذربایجان,931,آپارتمان,دارد,ندارد,55,1,19,2150000000.0
آذربایجان,931,آپارتمان,ندارد,ندارد,62,2,18,2950000000.0
آذری,932,آپارتمان,دارد,دارد,82,2,0,2400000000.0
آذری,932,آپارتمان,ندارد,ندارد,69,1,21,2005000000.0
آذری,932,آپارتمان,ندارد,ندارد,48,1,21,1500000000.0
آذری,932,آپارتمان,ندارد,دارد,51,1,5,1560000000.0
آذری,932,آپارتمان,ندارد,ندارد,50,1,6,1400000000.0
آذری,932,آپارتمان,دارد,ندارد,43,1,15,1310000000.0
آذری,932,آپارتمان,دارد,ندارد,58,1,13,1950000000.0
آذری,932,آپارتمان,ندارد,ندارد,48,1,21,1430000000.0
آذری,932,آپارتمان,ندارد,ندارد,63,1,16,1630000000.0
آذری,932,آپارتمان,دارد,دارد,100,2,0,1400000000.0
آذری,932,آپارتمان,دارد,دارد,100,2,0,1400000000.0
آذری,932,آپارتمان,دارد,دارد,149,3,3,4800000000.0
آذری,932,آپارتمان,دارد,دارد,82,2,0,2200000000.0
آذری,932,آپارتمان,دارد,ندارد,49,1,10,1480000000.0
آذری,932,آپارتمان,دارد,دارد,82,2,1,2250000000.0
آذری,932,آپارتمان,ندارد,ندارد,49,1,15,1350000000.0
آذری,932,آپارتمان,ندارد,دارد,70,3,10,2600000000.0
آذری,932,آپارتمان,دارد,ندارد,48,1,13,1480000000.0
آذری,932,آپارتمان,دارد,دارد,81,2,0,1370000000.0
آذری,932,آپارتمان,دارد,دارد,82,2,0,2200000000.0
آذری,932,آپارتمان,ندارد,دارد,37,1,3,1090000000.0
آذری,932,آپارتمان,ندارد,ندارد,46,1,21,1390000000.0
آذری,932,آپارتمان,ندارد,ندارد,49,1,20,1350000000.0
آذری,932,آپارتمان,ندارد,ندارد,48,1,26,1250000000.0
آذری,932,آپارتمان,دارد,دارد,82,2,0,2350000000.0
آذری,932,آپارتمان,ندارد,ندارد,45,1,19,1460000000.0
آذری,932,آپارتمان,ندارد,ندارد,44,1,13,1070000000.0
آذری,932,آپارتمان,دارد,دارد,120,2,0,1656000000.0
آذری,932,آپارتمان,دارد,دارد,82,2,0,2350000000.0
آذری,932,آپارتمان,دارد,دارد,82,2,0,1850000000.0
آذری,932,آپارتمان,دارد,ندارد,60,1,12,2080000000.0
آذری,932,آپارتمان,ندارد,ندارد,48,1,18,1150000000.0
آذری,932,آپارتمان,دارد,ندارد,44,1,12,1300000000.0
آذری,932,خانه و کلنگی,ندارد,ندارد,83,2,30,5700000000.0
آذری,932,آپارتمان,دارد,دارد,82,2,0,1950000000.0
آذری,932,آپارتمان,دارد,دارد,114,3,4,3300000000.0
آذری,932,آپارتمان,ندارد,ندارد,45,1,21,1430000000.0
آذری,932,آپارتمان,دارد,ندارد,48,1,13,1470000000.0
آذری,932,آپارتمان,دارد,دارد,82,2,0,2200000000.0
آذری,932,خانه و کلنگی,ندارد,ندارد,78,2,30,3600000000.0
آذری,932,آپارتمان,ندارد,ندارد,70,2,26,1820000000.0
آذری,932,آپارتمان,دارد,دارد,81,2,0,2400000000.0
آذری,932,آپارتمان,ندارد,ندارد,50,1,9,1750000000.0
آذری,932,خانه و کلنگی,ندارد,ندارد,120,2,30,2500000000.0
آذری,932,آپارتمان,دارد,دارد,82,2,0,1800000000.0
آذری,932,آپارتمان,دارد,دارد,150,3,0,2475000000.0
آذری,932,آپارتمان,ندارد,ندارد,46,1,21,1385000000.0
آذری,932,آپارتمان,ندارد,ندارد,48,1,22,1430000000.0
آذری,932,آپارتمان,ندارد,ندارد,41,1,30,1300000000.0
آذری,932,آپارتمان,ندارد,ندارد,46,1,21,1390000000.0
آذری,932,آپارتمان,دارد,دارد,82,2,1,1800000000.0
آذری,932,آپارتمان,دارد,دارد,81,2,0,2200000000.0
آذری,932,آپارتمان,دارد,دارد,82,2,1,1850000000.0
آذری,932,آپارتمان,دارد,ندارد,43,1,15,1320000000.0
آذری,932,آپارتمان,دارد,ندارد,48,1,13,1470000000.0
آزادشهر,934,آپارتمان,دارد,دارد,162,3,1,5994000000.0
آزادشهر,934,آپارتمان,دارد,دارد,60,1,3,2600000000.0
آزادشهر,934,آپارتمان,دارد,دارد,100,2,0,1350000000.0
آزادشهر,934,آپارتمان,دارد,دارد,178,3,5,7150000000.0
آزادشهر,934,آپارتمان,دارد,دارد,150,2,1,5400000000.0
آزادشهر,934,آپارتمان,دارد,دارد,120,2,1,4950000000.0
آزادشهر,934,آپارتمان,دارد,دارد,120,3,0,5000000000.0
آزادشهر,934,آپارتمان,دارد,دارد,136,2,6,4690000000.0
آزادشهر,934,آپارتمان,دارد,دارد,115,2,7,5200000000.0
آزادشهر,934,آپارتمان,دارد,دارد,100,2,0,1400000000.0
آزادشهر,934,آپارتمان,دارد,دارد,130,3,3,5750000000.0
آزادشهر,934,آپارتمان,دارد,ندارد,88,2,7,4400000000.0
آزادشهر,934,آپارتمان,دارد,ندارد,84,2,5,3000000000.0
آزادشهر,934,آپارتمان,دارد,دارد,113,2,0,4900000000.0
آزادشهر,934,آپارتمان,دارد,دارد,115,2,0,5860000000.0
آزادشهر,934,آپارتمان,دارد,ندارد,98,2,1,4800000000.0
آزادشهر,934,آپارتمان,دارد,دارد,127,2,2,5750000000.0
آزادشهر,934,خانه و کلنگی,دارد,دارد,620,3,0,39000000000.0
آزادشهر,934,آپارتمان,دارد,دارد,120,2,0,1680000000.0
آزادشهر,934,آپارتمان,دارد,دارد,106,2,5,4240000000.0
آزادشهر,934,آپارتمان,دارد,ندارد,88,2,7,4400000000.0
آزادشهر,934,آپارتمان,دارد,دارد,115,2,0,5850000000.0
آزادشهر,934,آپارتمان,دارد,دارد,120,2,0,1680000000.0
آزادشهر,934,آپارتمان,دارد,دارد,76,1,0,1225000000.0
آزادشهر,934,خانه و کلنگی,دارد,دارد,345,2,0,18500000000.0
آزادشهر,934,خانه و کلنگی,ندارد,ندارد,420,6,30,17600000000.0
آزادشهر,934,آپارتمان,دارد,دارد,114,2,8,4290000000.0
آزادشهر,934,آپارتمان,دارد,دارد,112,2,0,6400000000.0
آزادشهر,934,آپارتمان,دارد,دارد,140,3,0,1932000000.0
آزادشهر,934,آپارتمان,دارد,دارد,108,2,0,4200000000.0
آزادشهر,934,آپارتمان,دارد,دارد,100,2,0,5250000000.0
آزادشهر,934,آپارتمان,دارد,دارد,72,2,4,3000000000.0
آزادشهر,934,آپارتمان,دارد,دارد,95,2,3,3870000000.0
آزادشهر,934,آپارتمان,دارد,دارد,115,2,2,4790000000.0
آهنگ,4804,آپارتمان,دارد,دارد,71,2,3,3200000000.0
آهنگ,4804,آپارتمان,دارد,دارد,85,2,0,2300000000.0
آهنگ,4804,آپارتمان,ندارد,ندارد,60,1,18,1550000000.0
آهنگ,4804,آپارتمان,ندارد,دارد,55,1,6,2580000000.0
آهنگ,4804,آپارتمان,دارد,دارد,67,2,9,2400000000.0
آهنگ,4804,آپارتمان,دارد,دارد,100,2,0,1300000000.0
آهنگ,4804,آپارتمان,ندارد,ندارد,5050,1,20,1800000000.0
آهنگ,4804,آپارتمان,ندارد,ندارد,43,1,16,1350000000.0
آهنگ,4804,آپارتمان,دارد,دارد,145,3,6,8000000000.0
آهنگ,4804,آپارتمان,دارد,دارد,52,1,16,2900000000.0
آهنگ,4804,خانه و کلنگی,ندارد,ندارد,282,4,31,27000000000.0
آهنگ,4804,آپارتمان,ندارد,ندارد,60,1,18,2550000000.0
آهنگ,4804,آپارتمان,دارد,ندارد,68,2,17,2500000000.0
آهنگ,4804,آپارتمان,ندارد,ندارد,117,2,31,21100000000.0
آهنگ,4804,خانه و کلنگی,دارد,ندارد,150,2,29,12000000000.0
آهنگ,4804,آپارتمان,ندارد,ندارد,50,1,14,1200000000.0
آهنگ,4804,آپارتمان,دارد,دارد,127,3,0,9500000000.0
آهنگ,4804,آپارتمان,دارد,دارد,81,2,8,3900000000.0
آهنگ,4804,آپارتمان,دارد,دارد,110,2,0,1815000000.0
آهنگ,4804,آپارتمان,دارد,ندارد,63,2,16,2550000000.0
آهنگ,4804,آپارتمان,دارد,دارد,77,2,16,3350000000.0
آهنگ,4804,خانه و کلنگی,ندارد,ندارد,63,2,31,1660000000.0
آهنگ,4804,آپارتمان,ندارد,دارد,53,1,0,1500000000.0
آهنگ,4804,آپارتمان,دارد,ندارد,80,2,17,5200000000.0
آهنگ,4804,آپارتمان,ندارد,ندارد,45,1,21,2200000000.0
آهنگ,4804,آپارتمان,دارد,دارد,85,2,0,4000000000.0
آهنگ,4804,آپارتمان,ندارد,ندارد,76,2,3,28000000000.0
آهنگ,4804,آپارتمان,ندارد,ندارد,35,1,15,1320000000.0
اباذر,883,آپارتمان,دارد,دارد,109,3,13,6550000000.0
اباذر,883,آپارتمان,دارد,دارد,95,2,5,7600000000.0
اباذر,883,آپارتمان,دارد,دارد,50,1,14,3650000000.0
اباذر,883,آپارتمان,دارد,دارد,100,3,17,6500000000.0
اباذر,883,آپارتمان,دارد,دارد,76,2,8,4150000000.0
اباذر,883,آپارتمان,دارد,دارد,100,2,11,6000000000.0
اباذر,883,آپارتمان,دارد,دارد,127,3,8,8580000000.0
اباذر,883,آپارتمان,دارد,دارد,114,2,17,7800000000.0
اباذر,883,آپارتمان,دارد,دارد,71,2,14,5200000000.0
اباذر,883,آپارتمان,دارد,دارد,110,1,13,8300000000.0
اباذر,883,آپارتمان,دارد,دارد,100,2,1,10200000000.0
اباذر,883,آپارتمان,دارد,دارد,108,2,8,7300000000.0
اباذر,883,آپارتمان,دارد,دارد,93,2,1,9670000000.0
اباذر,883,آپارتمان,دارد,دارد,71,2,16,4150000000.0
اباذر,883,آپارتمان,دارد,دارد,98,2,5,7700000000.0
اباذر,883,آپارتمان,دارد,ندارد,90,2,17,5950000000.0
اباذر,883,آپارتمان,ندارد,ندارد,75,2,20,4800000000.0
اباذر,883,آپارتمان,دارد,دارد,92,2,11,5200000000.0
اباذر,883,آپارتمان,دارد,دارد,125,3,0,15000000000.0
اباذر,883,آپارتمان,دارد,دارد,65,2,5,5120000000.0
اباذر,883,آپارتمان,دارد,دارد,100,2,17,7700000000.0
اباذر,883,آپارتمان,دارد,دارد,55,1,6,4950000000.0
اباذر,883,آپارتمان,دارد,دارد,85,3,11,5080000000.0
اباذر,883,آپارتمان,دارد,دارد,66,1,7,5500000000.0
اباذر,883,آپارتمان,دارد,دارد,116,2,0,12000000000.0
اباذر,883,آپارتمان,دارد,دارد,68,1,3,5500000000.0
اباذر,883,آپارتمان,دارد,دارد,70,2,17,4200000000.0
اباذر,883,آپارتمان,دارد,دارد,97,2,6,8700000000.0
اباذر,883,آپارتمان,دارد,دارد,70,1,12,5500000000.0
اباذر,883,آپارتمان,دارد,دارد,67,2,19,4550000000.0
اباذر,883,آپارتمان,دارد,دارد,99,2,8,7550000000.0
اباذر,883,آپارتمان,دارد,دارد,114,2,11,6300000000.0
اباذر,883,آپارتمان,دارد,ندارد,75,2,16,5000000000.0
اباذر,883,آپارتمان,دارد,دارد,75,2,13,5700000000.0
اباذر,883,آپارتمان,دارد,ندارد,100,2,18,4900000000.0
اباذر,883,آپارتمان,دارد,ندارد,69,2,18,4100000000.0
اباذر,883,آپارتمان,دارد,دارد,150,3,5,11000000000.0
اباذر,883,آپارتمان,دارد,دارد,52,1,9,3850000000.0
اباذر,883,آپارتمان,دارد,دارد,63,1,14,4200000000.0
اباذر,883,آپارتمان,دارد,دارد,105,2,13,7500000000.0
اباذر,883,آپارتمان,دارد,دارد,140,3,0,1690000000.0
اباذر,883,آپارتمان,دارد,دارد,68,1,14,4300000000.0
اباذر,883,آپارتمان,دارد,دارد,102,2,11,7800000000.0
اباذر,883,آپارتمان,دارد,دارد,125,3,0,13125000000.0
اباذر,883,آپارتمان,دارد,دارد,150,3,2,12000000000.0
اباذر,883,آپارتمان,دارد,دارد,101,2,19,6500000000.0
اباذر,883,آپارتمان,دارد,دارد,85,2,19,5300000000.0
اباذر,883,آپارتمان,دارد,دارد,115,2,1,10500000000.0
اباذر,883,آپارتمان,دارد,دارد,70,2,20,3200000000.0
اباذر,883,آپارتمان,دارد,دارد,72,2,15,5300000000.0
اباذر,883,آپارتمان,دارد,دارد,108,2,19,6000000000.0
اباذر,883,آپارتمان,دارد,دارد,140,3,19,9800000000.0
اباذر,883,آپارتمان,دارد,دارد,218,4,12,12000000000.0
اباذر,883,آپارتمان,دارد,دارد,110,2,16,6500000000.0
اباذر,883,آپارتمان,دارد,دارد,88,2,11,5700000000.0
اباذر,883,آپارتمان,دارد,دارد,63,1,11,4500000000.0
ابوذر - منطقه ۱۴,5364,آپارتمان,ندارد,ندارد,57,1,19,2400000000.0
ابوذر - منطقه ۱۴,5364,آپارتمان,دارد,دارد,112,2,0,3490000000.0
ابوذر - منطقه ۱۴,5364,آپارتمان,ندارد,ندارد,71,2,16,2627000000.0
ابوذر - منطقه ۱۴,5364,خانه و کلنگی,ندارد,ندارد,50,1,30,250000000.0
ابوذر - منطقه ۱۴,5364,آپارتمان,دارد,دارد,95,2,16,7885000000.0
ابوذر - منطقه ۱۴,5364,آپارتمان,ندارد,ندارد,85,2,19,3800000000.0
ابوذر - منطقه ۱۴,5364,آپارتمان,ندارد,ندارد,78,2,15,2700000000.0
ابوذر - منطقه ۱۴,5364,آپارتمان,ندارد,دارد,100,2,9,4100000000.0
ابوذر - منطقه ۱۴,5364,آپارتمان,دارد,دارد,93,2,1,5600000000.0
ابوذر - منطقه ۱۴,5364,آپارتمان,ندارد,دارد,40,1,19,1680000000.0
ابوذر - منطقه ۱۴,5364,آپارتمان,دارد,دارد,126,3,5,6400000000.0
ابوذر - منطقه ۱۴,5364,آپارتمان,ندارد,ندارد,66,2,18,2200000000.0
ابوذر - منطقه ۱۴,5364,آپارتمان,ندارد,دارد,63,2,11,3200000000.0
ابوذر - منطقه ۱۴,5364,آپارتمان,دارد,دارد,107,2,8,6500000000.0
ابوذر - منطقه ۱۴,5364,آپارتمان,دارد,دارد,75,4,17,5500000000.0
ابوذر - منطقه ۱۴,5364,آپارتمان,ندارد,ندارد,58,1,26,2100000000.0
ابوذر - منطقه ۱۴,5364,آپارتمان,ندارد,ندارد,60,1,5,900000000.0
ابوذر - منطقه ۱۴,5364,آپارتمان,ندارد,ندارد,48,1,19,1850000000.0
ابوذر - منطقه ۱۴,5364,آپارتمان,دارد,ندارد,84,2,14,3300000000.0
ابوذر - منطقه ۱۴,5364,آپارتمان,دارد,دارد,156,3,13,7009999000.0
ابوذر - منطقه ۱۴,5364,آپارتمان,دارد,ندارد,97,2,23,4600000000.0
ابوذر - منطقه ۱۴,5364,آپارتمان,ندارد,ندارد,80,1,31,4800000000.0
ابوذر - منطقه ۱۴,5364,آپارتمان,ندارد,ندارد,60,1,25,2400000000.0
ابوذر - منطقه ۱۴,5364,آپارتمان,ندارد,دارد,69,2,15,2850000000.0
اجاره دار,5448,آپارتمان,دارد,دارد,6000,2,0,1350000000.0
اجاره دار,5448,آپارتمان,ندارد,ندارد,40,1,20,1590000000.0
اجاره دار,5448,آپارتمان,دارد,ندارد,92,2,30,3200000000.0
اجاره دار,5448,آپارتمان,ندارد,ندارد,71,2,21,2310000000.0
اجاره دار,5448,آپارتمان,دارد,دارد,118,3,0,5900000000.0
اجاره دار,5448,خانه و کلنگی,ندارد,ندارد,156,4,17,5300000000.0
اجاره دار,5448,آپارتمان,ندارد,ندارد,52,1,19,2200000000.0
اجاره دار,5448,آپارتمان,ندارد,دارد,57,1,1,2600000000.0
اجاره دار,5448,آپارتمان,دارد,دارد,71,2,0,3695000000.0
اجاره دار,5448,آپارتمان,دارد,ندارد,50,1,15,2350000000.0
اجاره دار,5448,آپارتمان,ندارد,ندارد,46,1,23,1600000000.0
اجاره دار,5448,آپارتمان,دارد,ندارد,465,1,16,1800000000.0
اجاره دار,5448,آپارتمان,ندارد,ندارد,78,2,31,2800000000.0
اجاره دار,5448,آپارتمان,دارد,دارد,85,2,0,8500000000.0
اجاره دار,5448,آپارتمان,ندارد,ندارد,46,1,20,1820000000.0
اجاره دار,5448,آپارتمان,دارد,دارد,52,1,9,2450000000.0
اجاره دار,5448,خانه و کلنگی,دارد,ندارد,320,4,30,20500000000.0
اجاره دار,5448,خانه و کلنگی,دارد,ندارد,195,6,26,8990000000.0
اجاره دار,5448,آپارتمان,دارد,دارد,91,2,0,3825000000.0
اجاره دار,5448,آپارتمان,ندارد,ندارد,40,1,20,1470000000.0
اجاره دار,5448,آپارتمان,ندارد,دارد,70,1,11,2800000000.0
اجاره دار,5448,آپارتمان,ندارد,دارد,72,2,14,2800000000.0
اجاره دار,5448,آپارتمان,ندارد,ندارد,45,1,24,1800000000.0
اجاره دار,5448,آپارتمان,ندارد,ندارد,45,1,17,1600000000.0
اجاره دار,5448,آپارتمان,ندارد,ندارد,78,2,18,2900000000.0
اجاره دار,5448,آپارتمان,دارد,ندارد,55,1,18,1850000000.0
اجاره دار,5448,آپارتمان,دارد,ندارد,49,1,19,1750000000.0
اجاره دار,5448,آپارتمان,ندارد,ندارد,60,1,26,2250000000.0
اجاره دار,5448,خانه و کلنگی,دارد,ندارد,112,3,28,15000000000.0
اجاره دار,5448,آپارتمان,دارد,دارد,112,2,0,5264000000.0
اجاره دار,5448,آپارتمان,دارد,دارد,80,2,0,4000000000.0
اجاره دار,5448,آپارتمان,دارد,ندارد,50,1,19,2200000000.0
اجاره دار,5448,آپارتمان,ندارد,ندارد,60,2,19,2200000000.0
اجاره دار,5448,آپارتمان,دارد,ندارد,43,1,20,1750000000.0
اجاره دار,5448,آپارتمان,دارد,دارد,120,3,0,5160000000.0
اجاره دار,5448,آپارتمان,ندارد,ندارد,58,1,19,2000000000.0
اختیاریه,888,آپارتمان,دارد,دارد,160,3,14,12000000000.0
اختیاریه,888,آپارتمان,دارد,دارد,59,1,0,5900000000.0
اختیاریه,888,آپارتمان,دارد,دارد,125,2,0,16250000000.0
اختیاریه,888,آپارتمان,دارد,دارد,132,2,1,15850000000.0
اختیاریه,888,آپارتمان,دارد,دارد,118,2,2,13200000000.0
اختیاریه,888,آپارتمان,دارد,دارد,150,3,15,12000000000.0
اختیاریه,888,آپارتمان,دارد,دارد,180,3,12,15600000000.0
اختیاریه,888,آپارتمان,دارد,دارد,86,2,15,7700000000.0
اختیاریه,888,آپارتمان,دارد,دارد,82,2,6,7300000000.0
اختیاریه,888,آپارتمان,دارد,دارد,240,4,17,16500000000.0
اختیاریه,888,آپارتمان,دارد,دارد,107,2,11,9650000000.0
اختیاریه,888,آپارتمان,دارد,دارد,110,2,18,8600000000.0
اختیاریه,888,آپارتمان,دارد,دارد,80,2,14,6200000000.0
اختیاریه,888,آپارتمان,دارد,دارد,137,3,17,12000000000.0
اختیاریه,888,آپارتمان,دارد,دارد,80,2,5,7500000000.0
اختیاریه,888,آپارتمان,دارد,دارد,80,2,3,8450000000.0
اختیاریه,888,آپارتمان,دارد,دارد,114,3,19,9700000000.0
اختیاریه,888,آپارتمان,دارد,دارد,90,2,23,8500000000.0
اختیاریه,888,آپارتمان,دارد,دارد,65,1,7,6800000000.0
اختیاریه,888,آپارتمان,ندارد,ندارد,130,2,26,7000000000.0
اختیاریه,888,آپارتمان,دارد,دارد,155,3,11,10200000000.0
اختیاریه,888,آپارتمان,دارد,دارد,117,2,9,13150000000.0
اختیاریه,888,آپارتمان,دارد,دارد,98,2,16,8135000000.0
اختیاریه,888,آپارتمان,دارد,دارد,115,2,8,9850000000.0
اختیاریه,888,آپارتمان,دارد,دارد,230,4,10,22000000000.0
اختیاریه,888,آپارتمان,دارد,دارد,82,2,16,7800000000.0
اختیاریه,888,آپارتمان,دارد,دارد,138,2,4,12800000000.0
اختیاریه,888,آپارتمان,دارد,دارد,130,2,0,11500000000.0
اختیاریه,888,آپارتمان,دارد,دارد,168,3,15,14600000000.0
اختیاریه,888,آپارتمان,ندارد,ندارد,95,2,17,5550000000.0
اختیاریه,888,آپارتمان,دارد,دارد,87,2,12,6950000000.0
اختیاریه,888,آپارتمان,دارد,دارد,102,3,2,10200000000.0
اختیاریه,888,آپارتمان,دارد,دارد,85,2,11,7000000000.0
اختیاریه,888,آپارتمان,دارد,دارد,140,2,5,16700000000.0
اختیاریه,888,آپارتمان,دارد,دارد,90,2,4,8950000000.0
اختیاریه,888,آپارتمان,دارد,دارد,135,2,6,12100000000.0
اختیاریه,888,آپارتمان,دارد,دارد,90,2,1,10500000000.0
اختیاریه,888,آپارتمان,دارد,دارد,105,2,16,9900000000.0
اختیاریه,888,آپارتمان,دارد,دارد,130,3,0,18200000000.0
اختیاریه,888,آپارتمان,دارد,دارد,115,3,5,11200000000.0
اختیاریه,888,آپارتمان,دارد,دارد,168,3,0,22800000000.0
اختیاریه,888,آپارتمان,دارد,دارد,125,2,11,11900000000.0
اختیاریه,888,آپارتمان,دارد,دارد,187,3,0,19800000000.0
اختیاریه,888,آپارتمان,دارد,دارد,170,3,0,24000000000.0
اختیاریه,888,آپارتمان,دارد,دارد,140,3,16,9800000000.0
اختیاریه,888,آپارتمان,دارد,دارد,138,2,4,12500000000.0
اختیاریه,888,آپارتمان,دارد,دارد,126,2,7,11000000000.0
اختیاریه,888,آپارتمان,دارد,دارد,90,2,16,6600000000.0
اختیاریه,888,آپارتمان,دارد,دارد,120,2,0,12000000000.0
اختیاریه,888,آپارتمان,دارد,دارد,89,2,0,8200000000.0
اراج,5226,آپارتمان,دارد,ندارد,112,2,16,7500000000.0
اراج,5226,آپارتمان,دارد,دارد,145,2,0,12350000000.0
اراج,5226,آپارتمان,دارد,دارد,62,1,16,5200000000.0
اراج,5226,آپارتمان,دارد,دارد,145,3,1,11800000000.0
اراج,5226,آپارتمان,دارد,دارد,120,2,19,9500000000.0
اراج,5226,آپارتمان,دارد,دارد,75,2,5,6000000000.0
اراج,5226,آپارتمان,دارد,دارد,165,3,1,14850000000.0
اراج,5226,آپارتمان,دارد,دارد,245,3,0,31500000000.0
اراج,5226,آپارتمان,دارد,دارد,110,2,0,13700000000.0
اراج,5226,آپارتمان,دارد,دارد,150,3,0,18000000000.0
اراج,5226,آپارتمان,دارد,دارد,136,3,6,16000000000.0
اراج,5226,آپارتمان,دارد,دارد,130,3,7,11000000000.0
اراج,5226,آپارتمان,دارد,دارد,140,3,0,15000000000.0
اراج,5226,آپارتمان,دارد,دارد,114,2,5,10000000000.0
اراج,5226,آپارتمان,دارد,دارد,120,3,0,2300000000.0
اراج,5226,آپارتمان,دارد,دارد,125,3,13,9500000000.0
اراج,5226,آپارتمان,دارد,دارد,140,3,0,14000000000.0
اراج,5226,آپارتمان,دارد,ندارد,115,3,13,7500000000.0
ارم,4735,آپارتمان,دارد,دارد,68,2,20,3950000000.0
ارم,4735,آپارتمان,دارد,دارد,125,3,0,8700000000.0
ارم,4735,آپارتمان,دارد,دارد,68,2,0,5360000000.0
ارم,4735,آپارتمان,دارد,دارد,70,2,19,3700000000.0
ارم,4735,آپارتمان,دارد,ندارد,53,2,20,3800000000.0
ارم,4735,آپارتمان,دارد,دارد,75,2,13,4650000000.0
ارم,4735,آپارتمان,دارد,دارد,64,2,0,4200000000.0
ارم,4735,آپارتمان,دارد,دارد,60,1,8,4500000000.0
ارم,4735,آپارتمان,دارد,دارد,93,2,16,4700000000.0
ارم,4735,آپارتمان,دارد,دارد,75,2,8,4900000000.0
ارم,4735,آپارتمان,دارد,دارد,77,2,14,4700000000.0
ارم,4735,آپارتمان,دارد,دارد,74,2,0,5840000000.0
ارم,4735,آپارتمان,دارد,دارد,75,2,13,4850000000.0
ارم,4735,آپارتمان,دارد,ندارد,68,2,19,4100000000.0
ارم,4735,آپارتمان,دارد,دارد,71,2,17,4150000000.0
ارم,4735,آپارتمان,دارد,دارد,95,2,11,6200000000.0
ارم,4735,آپارتمان,دارد,ندارد,54,1,13,3550000000.0
ارم,4735,آپارتمان,دارد,دارد,80,2,0,5100000000.0
ارم,4735,آپارتمان,دارد,دارد,64,2,0,5040000000.0
ارم,4735,آپارتمان,دارد,دارد,75,2,15,4500000000.0
ارم,4735,آپارتمان,دارد,دارد,83,2,8,6200000000.0
ارم,4735,آپارتمان,دارد,دارد,83,2,5,6400000000.0
ارم,4735,آپارتمان,دارد,دارد,131,3,1,9850000000.0
ارم,4735,آپارتمان,ندارد,ندارد,70,2,0,4400000000.0
ارم,4735,آپارتمان,دارد,دارد,55,1,1,4300000000.0
ارم,4735,آپارتمان,دارد,دارد,116,2,0,9250000000.0
ارم,4735,آپارتمان,دارد,دارد,76,2,13,4820000000.0
ارم,4735,آپارتمان,دارد,دارد,67,2,0,4824000000.0
ارم,4735,آپارتمان,دارد,دارد,83,2,10,5400000000.0
ارم,4735,آپارتمان,دارد,ندارد,55,2,21,3800000000.0
ارم,4735,آپارتمان,دارد,دارد,75,2,13,4600000000.0
ارم,4735,آپارتمان,دارد,ندارد,72,2,21,4780000000.0
ارم,4735,آپارتمان,دارد,دارد,67,2,5,4600000000.0
ارم,4735,آپارتمان,دارد,دارد,58,1,8,3700000000.0
ارم,4735,آپارتمان,دارد,دارد,120,2,2,6250000000.0
ارم,4735,آپارتمان,دارد,دارد,100,2,0,1380000000.0
ارم,4735,آپارتمان,دارد,دارد,86,2,3,4730000000.0
ارم,4735,آپارتمان,دارد,دارد,122,3,0,8500000000.0
ارم,4735,آپارتمان,دارد,دارد,78,2,15,4600000000.0
ارم,4735,آپارتمان,دارد,دارد,97,2,11,6700000000.0
ارم,4735,آپارتمان,دارد,دارد,75,1,13,4450000000.0
ارم,4735,آپارتمان,دارد,دارد,75,2,13,4850000000.0
ارم,4735,آپارتمان,دارد,دارد,86,2,18,4900000000.0
ارم,4735,آپارتمان,دارد,دارد,64,2,17,3900000000.0
ارم,4735,آپارتمان,دارد,دارد,80,2,11,5100000000.0
ارم,4735,آپارتمان,دارد,دارد,61,1,9,3950000000.0
ارم,4735,آپارتمان,دارد,دارد,77,2,13,4500000000.0
ارم,4735,آپارتمان,دارد,دارد,63,2,0,4536000000.0
ارم,4735,آپارتمان,دارد,دارد,100,2,1,7000000000.0
ارم,4735,آپارتمان,دارد,دارد,85,2,3,5500000000.0
ارم,4735,آپارتمان,دارد,ندارد,84,2,20,5800000000.0
ارم,4735,آپارتمان,دارد,دارد,58,1,15,3550000000.0
ارم,4735,آپارتمان,دارد,دارد,67,2,0,5360000000.0
ارم,4735,آپارتمان,دارد,دارد,75,2,13,4600000000.0
ارم,4735,آپارتمان,دارد,دارد,85,2,0,2720000000.0
ارم,4735,آپارتمان,دارد,دارد,67,2,0,4200000000.0
ارم,4735,آپارتمان,دارد,دارد,50,1,8,3900000000.0
ارم,4735,آپارتمان,دارد,دارد,70,2,19,3850000000.0
ارم,4735,آپارتمان,دارد,دارد,120,3,0,780000000.0
ارم,4735,آپارتمان,دارد,ندارد,62,2,18,3580000000.0
ارم,4735,آپارتمان,دارد,دارد,58,1,14,3750000000.0
ارم,4735,آپارتمان,دارد,دارد,62,1,9,4100000000.0
ارم,4735,آپارتمان,دارد,دارد,70,2,0,5550000000.0
ارم,4735,آپارتمان,دارد,دارد,84,2,1,6020000000.0
ارم,4735,آپارتمان,دارد,ندارد,60,2,12,3600000000.0
ارم,4735,آپارتمان,دارد,دارد,118,2,12,7100000000.0
ارم,4735,آپارتمان,دارد,دارد,80,2,12,6600000000.0
ارم,4735,آپارتمان,دارد,دارد,104,2,1,7100000000.0
ارم,4735,آپارتمان,دارد,دارد,75,2,1,4980000000.0
ارم,4735,آپارتمان,دارد,دارد,50,1,12,3900000000.0
ارم,4735,آپارتمان,دارد,دارد,85,2,4,6800000000.0
ارم,4735,آپارتمان,دارد,ندارد,60,2,18,3500000000.0
ارم,4735,آپارتمان,دارد,دارد,85,2,14,5600000000.0
ارم,4735,آپارتمان,دارد,دارد,63,2,0,5040000000.0
ارم,4735,آپارتمان,دارد,دارد,73,2,0,5840000000.0
ارم,4735,آپارتمان,دارد,دارد,68,2,3,4600000000.0
ارم,4735,آپارتمان,دارد,دارد,113,2,1,8200000000.0
ازگل,891,آپارتمان,دارد,دارد,108,2,0,10800000000.0
ازگل,891,آپارتمان,ندارد,ندارد,155,3,1,18800000000.0
ازگل,891,آپارتمان,دارد,دارد,150,3,6,14000000000.0
ازگل,891,آپارتمان,دارد,دارد,96,2,7,8700000000.0
ازگل,891,آپارتمان,دارد,دارد,200,3,0,2800000000.0
ازگل,891,آپارتمان,دارد,دارد,96,2,2,8600000000.0
ازگل,891,آپارتمان,دارد,دارد,80,2,6,7500000000.0
استادمعین,4592,آپارتمان,دارد,دارد,76,2,3,2980000000.0
استادمعین,4592,آپارتمان,ندارد,دارد,55,1,10,2150000000.0
استادمعین,4592,آپارتمان,دارد,دارد,65,2,11,3200000000.0
استادمعین,4592,آپارتمان,دارد,ندارد,76,2,21,2500000000.0
استادمعین,4592,آپارتمان,ندارد,دارد,50,1,11,2200000000.0
استادمعین,4592,آپارتمان,دارد,دارد,70,2,7,3600000000.0
استادمعین,4592,آپارتمان,دارد,دارد,93,3,6,4400000000.0
استادمعین,4592,آپارتمان,دارد,دارد,72,2,7,3635000000.0
استادمعین,4592,آپارتمان,ندارد,ندارد,52,1,26,2150000000.0
استادمعین,4592,خانه و کلنگی,دارد,ندارد,155,6,30,13900000000.0
استادمعین,4592,آپارتمان,دارد,دارد,85,2,3,3500000000.0
استادمعین,4592,آپارتمان,دارد,دارد,50,1,6,2900000000.0
استادمعین,4592,آپارتمان,ندارد,ندارد,54,1,23,2000090000.0
استادمعین,4592,آپارتمان,دارد,ندارد,57,1,23,2400000000.0
استادمعین,4592,آپارتمان,دارد,دارد,80,2,10,4200000000.0
استادمعین,4592,آپارتمان,دارد,دارد,95,2,4,2750000000.0
استادمعین,4592,آپارتمان,دارد,دارد,78,2,4,2980000000.0
استادمعین,4592,آپارتمان,دارد,دارد,77,2,10,3250000000.0
استادمعین,4592,آپارتمان,دارد,دارد,77,2,6,3700000000.0
استادمعین,4592,آپارتمان,دارد,دارد,68,1,4,2800000000.0
اسکندری,894,آپارتمان,دارد,ندارد,53,1,19,1900000000.0
اسکندری,894,آپارتمان,ندارد,ندارد,87,2,30,2600000000.0
اسکندری,894,آپارتمان,دارد,ندارد,34,1,18,1540000000.0
اسکندری,894,آپارتمان,ندارد,ندارد,40,1,26,1400000000.0
اسکندری,894,آپارتمان,ندارد,دارد,85,2,1,2870000000.0
اسکندری,894,آپارتمان,دارد,ندارد,40,1,20,1700000000.0
اسکندری,894,آپارتمان,ندارد,ندارد,64,1,21,1500000000.0
اسکندری,894,آپارتمان,ندارد,ندارد,47,1,20,1400000000.0
اسکندری,894,آپارتمان,ندارد,ندارد,51,1,10,2150000000.0
اسکندری,894,آپارتمان,دارد,دارد,45,1,7,1600000000.0
اسکندری,894,آپارتمان,دارد,ندارد,39,1,22,1500000000.0
اسکندری,894,آپارتمان,دارد,دارد,62,1,11,3100000000.0
اسکندری,894,آپارتمان,ندارد,دارد,47,1,20,2000000000.0
اسکندری,894,آپارتمان,ندارد,ندارد,48,1,13,1600000000.0
اسکندری,894,خانه و کلنگی,دارد,ندارد,400,2,9,1950000000.0
اسکندری,894,آپارتمان,ندارد,ندارد,34,1,22,1400000000.0
اسکندری,894,آپارتمان,ندارد,ندارد,42,1,24,1550000000.0
اسکندری,894,آپارتمان,دارد,ندارد,50,1,13,1765000000.0
اسکندری,894,آپارتمان,دارد,دارد,90,2,0,2800000000.0
اسکندری,894,آپارتمان,دارد,ندارد,34,1,18,1540000000.0
اسکندری,894,آپارتمان,ندارد,ندارد,47,1,19,1350000000.0
اسکندری,894,آپارتمان,دارد,دارد,140,3,0,1960000000.0
اسکندری,894,آپارتمان,ندارد,ندارد,42,1,19,1090000000.0
اسکندری,894,آپارتمان,ندارد,دارد,70,2,10,2600000000.0
اسکندری,894,آپارتمان,ندارد,ندارد,34,1,18,1540000000.0
اسکندری,894,آپارتمان,دارد,ندارد,63,1,18,2000000000.0
اسکندری,894,آپارتمان,ندارد,دارد,70,2,10,2650000000.0
اسکندری,894,آپارتمان,دارد,دارد,96,2,5,3900000000.0
اسکندری,894,آپارتمان,دارد,ندارد,35,1,18,1675000000.0
اسکندری,894,آپارتمان,ندارد,دارد,65,2,0,3450000000.0
اسکندری,894,آپارتمان,دارد,ندارد,40,1,20,1880000000.0
اسکندری,894,خانه و کلنگی,ندارد,ندارد,350,6,30,31500000000.0
اسکندری,894,آپارتمان,دارد,دارد,45,1,6,1600000000.0
اسکندری,894,آپارتمان,دارد,دارد,110,2,0,1062000000.0
اسکندری,894,آپارتمان,ندارد,ندارد,40,1,28,1400000000.0
اسکندری,894,آپارتمان,دارد,دارد,134,3,0,6600000000.0
اسکندری,894,آپارتمان,دارد,دارد,45,1,9,1600000000.0
اسکندری,894,آپارتمان,ندارد,ندارد,40,1,19,1420000000.0
اسکندری,894,خانه و کلنگی,ندارد,ندارد,250,6,30,21000000000.0
اسکندری,894,آپارتمان,ندارد,ندارد,48,1,12,1600000000.0
اسکندری,894,آپارتمان,دارد,دارد,79,2,11,4700000000.0
اسکندری,894,آپارتمان,ندارد,ندارد,35,1,20,1380000000.0
اسکندری,894,آپارتمان,ندارد,ندارد,43,1,24,1540000000.0
اسکندری,894,آپارتمان,دارد,ندارد,63,1,24,2020000000.0
اسکندری,894,آپارتمان,دارد,دارد,45,1,8,1600000000.0
اسکندری,894,آپارتمان,ندارد,ندارد,45,1,21,1515000000.0
اسکندری,894,آپارتمان,ندارد,ندارد,47,1,20,1350000000.0
اسکندری,894,آپارتمان,ندارد,ندارد,47,1,21,1300000000.0
اسکندری,894,آپارتمان,دارد,دارد,45,1,7,1600000000.0
اسکندری,894,خانه و کلنگی,دارد,ندارد,329,4,30,27000000000.0
اسکندری,894,آپارتمان,ندارد,ندارد,112,2,31,3800000000.0
اسکندری,894,آپارتمان,ندارد,ندارد,47,1,21,1333300000.0
اسکندری,894,آپارتمان,دارد,دارد,135,3,0,6600000000.0
اسکندری,894,آپارتمان,ندارد,ندارد,54,1,31,1570000000.0
اسکندری,894,خانه و کلنگی,دارد,ندارد,152,2,30,8360000000.0
اسکندری,894,آپارتمان,ندارد,ندارد,47,1,23,1600000000.0
اسکندری,894,آپارتمان,ندارد,ندارد,48,1,11,1650000000.0
اسکندری,894,آپارتمان,دارد,ندارد,41,1,20,1800000000.0
اسکندری,894,آپارتمان,ندارد,دارد,43,1,3,1700000000.0
اسکندری,894,آپارتمان,دارد,ندارد,61,1,21,2020000000.0
اسکندری,894,آپارتمان,ندارد,ندارد,47,1,20,1350000000.0
اسکندری,894,آپارتمان,ندارد,ندارد,55,1,20,2000000000.0
اسکندری,894,آپارتمان,ندارد,ندارد,47,1,20,1300000000.0
اسکندری,894,آپارتمان,ندارد,ندارد,67,2,17,1700000000.0
اسکندری,894,آپارتمان,ندارد,ندارد,62,1,21,1500000000.0
اسکندری,894,آپارتمان,ندارد,ندارد,40,1,23,1450000000.0
اسکندری,894,آپارتمان,ندارد,ندارد,37,1,22,1380000000.0
افسریه,903,آپارتمان,دارد,دارد,145,3,0,6700000000.0
افسریه,903,آپارتمان,دارد,دارد,108,2,0,4000000000.0
افسریه,903,آپارتمان,دارد,دارد,120,2,0,1656000000.0
افسریه,903,آپارتمان,دارد,دارد,95,2,0,4500000000.0
افسریه,903,آپارتمان,دارد,دارد,120,2,0,1680000000.0
افسریه,903,آپارتمان,دارد,ندارد,72,2,14,2200000000.0
افسریه,903,آپارتمان,دارد,دارد,138,2,2,4000000000.0
افسریه,903,خانه و کلنگی,دارد,ندارد,360,6,24,33000000000.0
افسریه,903,آپارتمان,دارد,دارد,50,2,11,1000000000.0
افسریه,903,آپارتمان,دارد,دارد,70,1,0,1100000000.0
افسریه,903,خانه و کلنگی,ندارد,ندارد,120,3,16,6400000000.0
افسریه,903,خانه و کلنگی,ندارد,ندارد,120,6,30,6000000000.0
افسریه,903,آپارتمان,دارد,دارد,130,3,0,5000000000.0
افسریه,903,آپارتمان,ندارد,دارد,100,2,19,2300000000.0
افسریه,903,آپارتمان,دارد,دارد,120,2,0,1960000000.0
افسریه,903,آپارتمان,دارد,دارد,100,2,0,1400000000.0
افسریه,903,آپارتمان,ندارد,دارد,110,2,21,2882000000.0
افسریه,903,آپارتمان,دارد,دارد,124,3,0,700000000.0
افسریه,903,آپارتمان,ندارد,ندارد,64,2,12,1900000000.0
افسریه,903,آپارتمان,دارد,دارد,66,2,1,2500000000.0
افسریه,903,آپارتمان,دارد,ندارد,65,1,9,2800000000.0
افسریه,903,آپارتمان,دارد,دارد,115,2,0,4350000000.0
افسریه,903,آپارتمان,دارد,دارد,100,2,0,1380000000.0
افسریه,903,آپارتمان,دارد,دارد,95,2,0,4250000000.0
افسریه,903,آپارتمان,دارد,ندارد,64,2,18,2600000000.0
افسریه,903,آپارتمان,ندارد,دارد,74,2,6,2650000000.0
افسریه,903,آپارتمان,دارد,دارد,112,3,0,5100000000.0
افسریه,903,خانه و کلنگی,دارد,ندارد,90,2,3,760000000.0
افسریه,903,آپارتمان,دارد,دارد,125,3,0,700000000.0
افسریه,903,آپارتمان,ندارد,دارد,60,1,21,1680000000.0
افسریه,903,آپارتمان,دارد,دارد,100,2,0,1380000000.0
افسریه,903,آپارتمان,دارد,دارد,95,2,0,4500000000.0
افسریه,903,آپارتمان,دارد,دارد,100,2,0,1380000000.0
افسریه,903,خانه و کلنگی,ندارد,ندارد,120,3,30,10300000000.0
افسریه,903,آپارتمان,ندارد,ندارد,65,2,11,2050000000.0
افسریه,903,آپارتمان,دارد,دارد,70,2,0,3700000000.0
افسریه,903,آپارتمان,دارد,ندارد,72,2,12,3200000000.0
افسریه,903,آپارتمان,دارد,دارد,135,3,0,6400000000.0
افسریه,903,آپارتمان,دارد,ندارد,52,1,18,2100000000.0
افسریه,903,آپارتمان,دارد,دارد,146,3,0,5700000000.0
افسریه,903,آپارتمان,دارد,دارد,100,2,0,1350000000.0
افسریه,903,آپارتمان,دارد,دارد,95,2,0,4500000000.0
افسریه,903,خانه و کلنگی,ندارد,ندارد,120,1,30,9500000000.0
افسریه,903,آپارتمان,ندارد,ندارد,63,1,27,2500000000.0
افسریه,903,آپارتمان,دارد,دارد,70,2,5,3320000000.0
اقدسیه,3566,آپارتمان,دارد,دارد,145,6,0,16500000000.0
اقدسیه,3566,آپارتمان,دارد,دارد,127,3,0,15240000000.0
اقدسیه,3566,آپارتمان,ندارد,ندارد,100,2,2,12400000000.0
اقدسیه,3566,آپارتمان,دارد,دارد,145,2,0,12400000000.0
اقدسیه,3566,آپارتمان,دارد,دارد,216,3,15,24500000000.0
اقدسیه,3566,آپارتمان,دارد,دارد,108,2,11,7500000000.0
اقدسیه,3566,آپارتمان,ندارد,ندارد,116,2,12,13300000000.0
اقدسیه,3566,آپارتمان,دارد,دارد,170,3,7,16000000000.0
اقدسیه,3566,خانه و کلنگی,ندارد,ندارد,1200,6,30,99000000000.0
اقدسیه,3566,آپارتمان,ندارد,دارد,130,3,17,10400000000.0
اقدسیه,3566,آپارتمان,دارد,دارد,243,3,21,36400000000.0
اقدسیه,3566,آپارتمان,دارد,دارد,127,3,0,14800000000.0
اقدسیه,3566,آپارتمان,دارد,دارد,82,2,9,5850000000.0
اقدسیه,3566,آپارتمان,دارد,دارد,170,3,1,20400000000.0
اقدسیه,3566,آپارتمان,دارد,دارد,250,3,20,35000000000.0
اقدسیه,3566,آپارتمان,دارد,دارد,170,3,0,19000000000.0
اقدسیه,3566,ویلا,دارد,ندارد,425,3,0,7500000000.0
اقدسیه,3566,خانه و کلنگی,دارد,دارد,320,6,27,43000000000.0
اقدسیه,3566,آپارتمان,دارد,دارد,320,4,6,35000000000.0
اقدسیه,3566,آپارتمان,دارد,دارد,800,3,0,24000000000.0
اقدسیه,3566,آپارتمان,دارد,دارد,245,3,0,31000000000.0
اقدسیه,3566,آپارتمان,دارد,دارد,230,3,11,21000000000.0
اقدسیه,3566,آپارتمان,دارد,دارد,172,3,0,27000000000.0
اقدسیه,3566,آپارتمان,دارد,دارد,126,2,1,12600000000.0
اقدسیه,3566,آپارتمان,دارد,دارد,107,2,0,10700000000.0
اقدسیه,3566,آپارتمان,دارد,دارد,65,1,5,5800000000.0
اقدسیه,3566,آپارتمان,دارد,دارد,200,3,14,24000000000.0
اقدسیه,3566,آپارتمان,دارد,دارد,300,4,3,66000000000.0
اقدسیه,3566,آپارتمان,دارد,دارد,310,4,1,68200000000.0
اقدسیه,3566,خانه و کلنگی,دارد,ندارد,160,6,30,22000000000.0
اقدسیه,3566,آپارتمان,دارد,دارد,122,2,5,13300000000.0
اقدسیه,3566,آپارتمان,دارد,دارد,310,4,1,48050000000.0
اقدسیه,3566,آپارتمان,دارد,دارد,150,3,0,17800000000.0
اقدسیه,3566,آپارتمان,ندارد,ندارد,135,3,10,12500000000.0
اقدسیه,3566,آپارتمان,دارد,دارد,155,3,13,23199000000.0
اقدسیه,3566,آپارتمان,دارد,دارد,230,3,2,63000000000.0
اقدسیه,3566,آپارتمان,دارد,دارد,136,2,6,17000000000.0
اقدسیه,3566,آپارتمان,دارد,دارد,360,3,0,90000000000.0
اقدسیه,3566,آپارتمان,دارد,دارد,120,2,13,9100000000.0
اقدسیه,3566,آپارتمان,دارد,دارد,266,4,11,35000000000.0
الهیه,909,آپارتمان,دارد,دارد,375,3,17,47000000000.0
الهیه,909,آپارتمان,دارد,دارد,315,4,10,39350000000.0
الهیه,909,آپارتمان,دارد,دارد,350,4,7,52800000000.0
الهیه,909,آپارتمان,دارد,دارد,185,3,12,24050000000.0
الهیه,909,آپارتمان,دارد,دارد,105,2,15,11500000000.0
الهیه,909,آپارتمان,دارد,دارد,295,3,3,94500000000.0
الهیه,909,آپارتمان,دارد,دارد,103,2,19,12000000000.0
الهیه,909,آپارتمان,دارد,دارد,380,3,18,47000000000.0
الهیه,909,آپارتمان,دارد,دارد,103,2,18,12000000000.0
الهیه,909,آپارتمان,دارد,دارد,320,3,0,99000000000.0
امیر بهادر,5304,آپارتمان,ندارد,ندارد,45,1,13,1750000000.0
امیر بهادر,5304,آپارتمان,دارد,دارد,74,2,14,2780000000.0
امیر بهادر,5304,آپارتمان,دارد,دارد,65,1,0,3250000000.0
امیر بهادر,5304,آپارتمان,دارد,دارد,116,2,1,9228000000.0
امیر بهادر,5304,آپارتمان,ندارد,ندارد,48,1,18,1350000000.0
امیر بهادر,5304,خانه و کلنگی,ندارد,ندارد,270,4,31,5500000000.0
امیر بهادر,5304,آپارتمان,دارد,دارد,40,1,0,2000000000.0
امیر بهادر,5304,آپارتمان,ندارد,دارد,52,1,16,2000000000.0
امیر بهادر,5304,آپارتمان,دارد,دارد,66,2,16,2500000000.0
امیر بهادر,5304,آپارتمان,دارد,دارد,95,2,0,5130000000.0
امیر بهادر,5304,آپارتمان,دارد,دارد,40,1,0,2000000000.0
امیر بهادر,5304,آپارتمان,دارد,دارد,90,2,12,2990000000.0
امیر بهادر,5304,آپارتمان,دارد,ندارد,46,1,17,1650000000.0
امیر بهادر,5304,آپارتمان,دارد,ندارد,58,2,25,2150000000.0
امیر بهادر,5304,آپارتمان,دارد,دارد,104,2,0,3640000000.0
امیر بهادر,5304,آپارتمان,دارد,دارد,111,3,3,5660000000.0
امیر بهادر,5304,آپارتمان,دارد,دارد,80,2,4,4000000000.0
امیر بهادر,5304,آپارتمان,دارد,دارد,70,2,0,966000000.0
امیر بهادر,5304,آپارتمان,دارد,دارد,60,1,0,2700000000.0
امیر بهادر,5304,آپارتمان,دارد,دارد,113,3,0,4750000000.0
امیر بهادر,5304,آپارتمان,ندارد,ندارد,50,1,16,2500000000.0
امیر بهادر,5304,آپارتمان,ندارد,دارد,40,1,0,1850000000.0
امیر بهادر,5304,آپارتمان,ندارد,دارد,83,2,5,3250000000.0
امیر بهادر,5304,آپارتمان,دارد,دارد,62,1,6,3500000000.0
امیرآباد,4646,آپارتمان,دارد,دارد,215,4,0,21500000000.0
امیرآباد,4646,آپارتمان,دارد,دارد,250,4,0,25000000000.0
امیرآباد,4646,آپارتمان,دارد,دارد,138,3,0,11730000000.0
امیرآباد,4646,آپارتمان,دارد,دارد,95,2,1,9300000000.0
امیرآباد,4646,آپارتمان,دارد,دارد,125,2,7,10750000000.0
امیرآباد,4646,آپارتمان,دارد,دارد,235,4,0,23500000000.0
امیرآباد,4646,آپارتمان,ندارد,دارد,78,2,6,4950000000.0
امیرآباد,4646,آپارتمان,دارد,دارد,95,2,3,9300000000.0
امیرآباد,4646,آپارتمان,دارد,دارد,107,2,0,10700000000.0
امیرآباد,4646,آپارتمان,دارد,دارد,235,4,0,23500000000.0
امیرآباد,4646,آپارتمان,دارد,دارد,118,2,11,8260000000.0
امیرآباد,4646,آپارتمان,دارد,دارد,144,3,1,13950000000.0
امیرآباد,4646,آپارتمان,دارد,دارد,200,3,26,12000000000.0
امیرآباد,4646,آپارتمان,دارد,دارد,139,3,0,14595000000.0
امیرآباد,4646,آپارتمان,دارد,دارد,125,3,10,9950000000.0
امیریه,921,آپارتمان,ندارد,دارد,65,1,11,1950000000.0
امیریه,921,آپارتمان,دارد,دارد,122,2,9,6000000000.0
امیریه,921,آپارتمان,دارد,ندارد,48,1,19,1530000000.0
امیریه,921,آپارتمان,ندارد,دارد,56,1,12,1620000000.0
امیریه,921,آپارتمان,دارد,ندارد,75,2,17,2800000000.0
امیریه,921,آپارتمان,دارد,دارد,140,3,5,5300000000.0
امیریه,921,آپارتمان,دارد,دارد,140,2,3,7500000000.0
امیریه,921,آپارتمان,ندارد,ندارد,93,2,21,2500000000.0
امیریه,921,آپارتمان,دارد,دارد,110,2,16,5400000000.0
امیریه,921,آپارتمان,ندارد,ندارد,80,2,20,3000000000.0
امیریه,921,آپارتمان,ندارد,دارد,94,2,0,2400000000.0
امیریه,921,آپارتمان,دارد,دارد,95,2,2,3700000000.0
امیریه,921,آپارتمان,ندارد,ندارد,60,2,16,1600000000.0
امیریه,921,آپارتمان,دارد,دارد,58,1,5,2500000000.0
امیریه,921,آپارتمان,دارد,دارد,42,1,0,2000000000.0
امیریه,921,آپارتمان,ندارد,ندارد,44,1,23,1400000000.0
امیریه,921,آپارتمان,دارد,ندارد,55,1,10,1900000000.0
امیریه,921,آپارتمان,ندارد,ندارد,48,1,26,1500000000.0
امیریه,921,آپارتمان,دارد,دارد,70,2,7,3650000000.0
امیریه,921,آپارتمان,ندارد,دارد,52,1,10,2000000000.0
امیریه,921,آپارتمان,دارد,دارد,60,1,5,2500000000.0
امیریه,921,آپارتمان,دارد,ندارد,50,1,15,1570000000.0
امیریه,921,آپارتمان,دارد,دارد,60,1,5,2600000000.0
امیریه,921,آپارتمان,ندارد,ندارد,34,1,10,935000000.0
امیریه,921,آپارتمان,ندارد,ندارد,83,2,30,2200000000.0
امیریه,921,آپارتمان,دارد,دارد,85,2,0,3650000000.0
امیریه,921,آپارتمان,دارد,دارد,150,3,0,1570000000.0
امیریه,921,آپارتمان,دارد,ندارد,60,2,12,2500000000.0
امیریه,921,آپارتمان,دارد,دارد,90,2,0,3820000000.0
امیریه,921,آپارتمان,ندارد,ندارد,82,2,11,2400000000.0
امیریه,921,آپارتمان,دارد,دارد,95,2,1,3800000000.0
امیریه,921,آپارتمان,ندارد,ندارد,49,1,22,1150000000.0
امیریه,921,آپارتمان,دارد,دارد,100,2,0,1400000000.0
اندرزگو,9049,آپارتمان,دارد,دارد,100,2,0,1280000000.0
اندرزگو,9049,آپارتمان,دارد,دارد,250,3,0,35000000000.0
اندرزگو,9049,خانه و کلنگی,ندارد,ندارد,105,2,30,13500000000.0
اندرزگو,9049,آپارتمان,دارد,دارد,130,2,6,15300000000.0
اندرزگو,9049,آپارتمان,دارد,دارد,183,3,0,26000000000.0
اندرزگو,9049,آپارتمان,دارد,دارد,100,2,0,1380000000.0
اندرزگو,9049,آپارتمان,دارد,دارد,130,2,6,15500000000.0
اندرزگو,9049,آپارتمان,دارد,دارد,65,1,10,8000000000.0
اندرزگو,9049,آپارتمان,دارد,دارد,160,3,1,22000000000.0
اندرزگو,9049,آپارتمان,دارد,دارد,103,2,0,1350000000.0
اندرزگو,9049,آپارتمان,دارد,دارد,100,2,6,8700000000.0
اندرزگو,9049,آپارتمان,دارد,دارد,240,4,0,5544000008.0
اندرزگو,9049,آپارتمان,دارد,دارد,173,3,3,19850000000.0
اندرزگو,9049,آپارتمان,دارد,دارد,145,3,16,12500000000.0
اندرزگو,9049,آپارتمان,دارد,دارد,110,2,0,13500000000.0
اندرزگو,9049,آپارتمان,دارد,دارد,91,2,0,2000000000.0
اندرزگو,9049,آپارتمان,دارد,دارد,234,3,5,26000000000.0
اندرزگو,9049,آپارتمان,دارد,دارد,50,1,2,6600000000.0
اندرزگو,9049,آپارتمان,دارد,دارد,160,3,0,5985000000.0
اندرزگو,9049,ویلا,دارد,ندارد,350,4,31,84000000000.0
اندرزگو,9049,آپارتمان,دارد,ندارد,75,2,29,5200000000.0
اندرزگو,9049,آپارتمان,دارد,دارد,75,1,8,7900000000.0
اندرزگو,9049,آپارتمان,دارد,دارد,135,3,19,12800000000.0
اندرزگو,9049,آپارتمان,دارد,دارد,100,2,0,580000000.0
اندرزگو,9049,آپارتمان,دارد,دارد,142,3,16,13500000000.0
اندرزگو,9049,آپارتمان,ندارد,دارد,56,1,11,5500000000.0
اندرزگو,9049,آپارتمان,دارد,دارد,130,2,6,15600000000.0
اندرزگو,9049,آپارتمان,دارد,دارد,130,2,6,15350000000.0
اندرزگو,9049,آپارتمان,دارد,دارد,110,2,0,12200000000.0
اندرزگو,9049,آپارتمان,دارد,دارد,130,2,5,15340000000.0
بازار,938,آپارتمان,دارد,دارد,120,3,0,780000000.0
بازار,938,آپارتمان,دارد,ندارد,57,1,11,1600000000.0
بازار,938,آپارتمان,دارد,دارد,103,2,7,3700000000.0
بازار,938,خانه و کلنگی,ندارد,ندارد,155,6,30,2635000000.0
بازار,938,آپارتمان,دارد,دارد,121,3,0,1000000000.0
بازار,938,خانه و کلنگی,ندارد,ندارد,136,2,30,5500000000.0
بازار,938,آپارتمان,دارد,دارد,80,2,6,1760000000.0
بازار,938,خانه و کلنگی,ندارد,ندارد,165,2,30,3500000000.0
بازار,938,آپارتمان,ندارد,ندارد,120,2,31,7800000000.0
بازار,938,خانه و کلنگی,ندارد,ندارد,245,6,28,23500000000.0
بازار,938,خانه و کلنگی,دارد,ندارد,61,1,28,5200000000.0
بازار,938,آپارتمان,دارد,دارد,100,2,0,1400000000.0
بازار,938,آپارتمان,ندارد,دارد,61,1,0,800000000.0
بازار,938,آپارتمان,ندارد,دارد,56,1,18,1620000000.0
بازار,938,خانه و کلنگی,دارد,ندارد,257,3,21,11500000000.0
بازار,938,خانه و کلنگی,ندارد,ندارد,210,6,31,8400000000.0
بازار,938,آپارتمان,دارد,دارد,78,2,5,2600000000.0
بازار,938,آپارتمان,دارد,دارد,85,2,1,2300000000.0
بازار,938,آپارتمان,ندارد,ندارد,72,2,16,1260000000.0
بازار,938,آپارتمان,دارد,دارد,41,1,7,1250000000.0
بازار,938,خانه و کلنگی,دارد,ندارد,143,2,26,7293000000.0
بازار,938,خانه و کلنگی,ندارد,ندارد,475,6,30,33250000000.0
بازار,938,آپارتمان,ندارد,دارد,63,2,8,1410000000.0
بازار,938,آپارتمان,ندارد,ندارد,57,2,16,1650000000.0
بازار,938,آپارتمان,دارد,دارد,57,1,9,1850000000.0
بازار,938,آپارتمان,دارد,دارد,100,2,0,1300000000.0
بازار,938,آپارتمان,ندارد,ندارد,43,1,16,950000000.0
بازار,938,خانه و کلنگی,ندارد,ندارد,57,3,31,3420000000.0
بازار,938,آپارتمان,ندارد,دارد,63,2,6,1700000000.0
بازار,938,خانه و کلنگی,ندارد,ندارد,61,1,28,5200000000.0
بازار,938,آپارتمان,ندارد,ندارد,39,1,16,1250000000.0
بازار,938,آپارتمان,ندارد,دارد,63,2,8,1430000000.0
بازار,938,خانه و کلنگی,ندارد,ندارد,72,3,27,2480000000.0
باغ صبا,3585,آپارتمان,دارد,دارد,48,1,8,2300000000.0
باغ صبا,3585,خانه و کلنگی,دارد,دارد,523,6,31,47000000000.0
باغ صبا,3585,آپارتمان,ندارد,ندارد,50,1,25,1900000000.0
باغ صبا,3585,آپارتمان,دارد,دارد,70,2,0,4900000000.0
باغ صبا,3585,آپارتمان,ندارد,ندارد,35,1,13,2200000000.0
باغ صبا,3585,آپارتمان,ندارد,دارد,44,1,5,2800000000.0
باغ صبا,3585,آپارتمان,دارد,دارد,107,2,21,6000000000.0
باغ صبا,3585,آپارتمان,ندارد,ندارد,60,1,26,1800000000.0
باغ صبا,3585,آپارتمان,دارد,دارد,95,2,0,6650000000.0
باغ صبا,3585,آپارتمان,دارد,دارد,118,2,0,10400000000.0
باغ صبا,3585,آپارتمان,دارد,دارد,100,2,0,7500000000.0
باغ صبا,3585,آپارتمان,دارد,دارد,127,3,0,8500000000.0
باغ صبا,3585,آپارتمان,دارد,دارد,74,2,4,3920000000.0
باغ فیض,4667,آپارتمان,دارد,دارد,167,3,18,8800000000.0
باغ فیض,4667,آپارتمان,دارد,دارد,88,2,5,5800000000.0
باغ فیض,4667,آپارتمان,دارد,دارد,90,2,6,5750000000.0
باغ فیض,4667,آپارتمان,دارد,دارد,95,2,0,6300000000.0
باغ فیض,4667,آپارتمان,دارد,دارد,97,2,0,6000000000.0
باغ فیض,4667,آپارتمان,دارد,دارد,101,2,17,6580000000.0
باغ فیض,4667,آپارتمان,دارد,دارد,83,2,14,5000000000.0
باغ فیض,4667,آپارتمان,ندارد,ندارد,73,2,19,2750000000.0
باغ فیض,4667,آپارتمان,دارد,دارد,70,2,0,6150000000.0
باغ فیض,4667,آپارتمان,دارد,دارد,55,1,19,3980000000.0
باغ فیض,4667,آپارتمان,دارد,دارد,78,1,0,4600000000.0
باغ فیض,4667,آپارتمان,دارد,دارد,54,1,17,3950000000.0
باغ فیض,4667,آپارتمان,دارد,دارد,146,3,3,10600000000.0
باغ فیض,4667,آپارتمان,دارد,دارد,73,2,17,4950000000.0
باغ فیض,4667,آپارتمان,دارد,دارد,80,1,5,6000000000.0
باغ فیض,4667,آپارتمان,دارد,دارد,71,1,0,3750000000.0
باغ فیض,4667,آپارتمان,دارد,دارد,50,1,14,3400000000.0
باغ فیض,4667,آپارتمان,دارد,دارد,88,2,2,6000000000.0
باغ فیض,4667,آپارتمان,دارد,دارد,67,1,0,4000000000.0
باغ فیض,4667,آپارتمان,دارد,دارد,67,1,0,4400000000.0
باغ فیض,4667,آپارتمان,دارد,دارد,100,2,0,7000000000.0
باغ فیض,4667,آپارتمان,دارد,دارد,92,2,18,5850000000.0
باغ فیض,4667,آپارتمان,دارد,ندارد,75,2,17,5050000000.0
باغ فیض,4667,آپارتمان,دارد,ندارد,73,2,19,5150000000.0
باغ فیض,4667,آپارتمان,دارد,دارد,54,1,18,4000000000.0
باغ فیض,4667,آپارتمان,دارد,دارد,80,2,21,5100000000.0
باغ فیض,4667,آپارتمان,دارد,دارد,54,2,18,3900000000.0
باغ فیض,4667,آپارتمان,دارد,دارد,100,2,0,7000000000.0
باغ فیض,4667,آپارتمان,دارد,دارد,54,1,12,4500000000.0
باغ فیض,4667,آپارتمان,دارد,دارد,90,2,0,6600000000.0
باغ فیض,4667,آپارتمان,دارد,دارد,88,2,0,5900000000.0
باغ فیض,4667,آپارتمان,دارد,دارد,220,3,0,14500000000.0
باغ فیض,4667,آپارتمان,دارد,دارد,117,2,7,7800000000.0
باغ فیض,4667,آپارتمان,دارد,دارد,64,1,0,4290000000.0
باغ فیض,4667,آپارتمان,دارد,ندارد,73,2,18,5150000000.0
باغ فیض,4667,آپارتمان,دارد,دارد,50,1,0,4000000000.0
باغ فیض,4667,آپارتمان,دارد,دارد,64,1,6,4700000000.0
باغ فیض,4667,آپارتمان,دارد,دارد,80,2,15,5750000000.0
باغ فیض,4667,آپارتمان,دارد,دارد,77,2,17,5750000000.0
باغ فیض,4667,آپارتمان,دارد,دارد,95,2,0,6600000000.0
باغ فیض,4667,آپارتمان,دارد,دارد,76,2,17,5750000000.0
باغ فیض,4667,آپارتمان,دارد,دارد,67,1,0,3490000000.0
باغ فیض,4667,آپارتمان,دارد,دارد,85,2,11,6000000000.0
باغ فیض,4667,آپارتمان,دارد,دارد,85,2,11,5870000000.0
باغ فیض,4667,آپارتمان,دارد,دارد,54,1,13,3800000000.0
باغ فیض,4667,آپارتمان,دارد,دارد,85,2,5,6100000000.0
باغ فیض,4667,آپارتمان,دارد,دارد,65,1,4,4500000000.0
باغ فیض,4667,آپارتمان,دارد,دارد,46,1,6,4150000000.0
باغ فیض,4667,آپارتمان,دارد,دارد,111,3,7,6950000000.0
باغ فیض,4667,آپارتمان,دارد,دارد,72,2,2,5050000000.0
باغ فیض,4667,آپارتمان,دارد,دارد,65,1,0,4250000000.0
باغ فیض,4667,آپارتمان,دارد,دارد,105,2,10,7600000000.0
باغ فیض,4667,آپارتمان,ندارد,ندارد,45,1,22,2800000000.0
باغ فیض,4667,آپارتمان,دارد,ندارد,92,2,17,4500000000.0
باغ فیض,4667,آپارتمان,دارد,دارد,120,2,0,9600000000.0
باغ فیض,4667,آپارتمان,دارد,دارد,90,2,15,5950000000.0
باغ فیض,4667,آپارتمان,دارد,دارد,86,2,9,5680000000.0
باغ فیض,4667,آپارتمان,دارد,ندارد,92,2,18,5850000000.0
باغ فیض,4667,آپارتمان,دارد,دارد,82,2,9,6200000000.0
باغ فیض,4667,آپارتمان,دارد,دارد,83,2,10,5400000000.0
باغ فیض,4667,آپارتمان,دارد,دارد,66,1,0,3500000000.0
باغ فیض,4667,آپارتمان,دارد,ندارد,64,1,21,4450000000.0
باغ فیض,4667,آپارتمان,دارد,دارد,128,3,13,8500000000.0
باغ فیض,4667,آپارتمان,دارد,دارد,93,2,16,6100000000.0
باغ فیض,4667,آپارتمان,دارد,دارد,85,2,11,6000000000.0
باغ فیض,4667,آپارتمان,دارد,دارد,138,3,0,9000000000.0
باغ فیض,4667,آپارتمان,دارد,دارد,100,2,0,7900000000.0
